{
    "formatVersion": "1.1",
    "component": {
        "group": "io.appmetrica.analytics",
        "module": "analytics-ad-revenue-fyber-v3",
        "version": "7.3.0",
        "attributes": {
            "org.gradle.status": "release"
        }
    },
    "createdBy": {
        "gradle": {
            "version": "8.2.1",
            "buildId": "<random-string>"
        }
    },
    "variants": [
        {
            "name": "releaseVariantReleaseApiPublication",
            "attributes": {
                "org.gradle.category": "library",
                "org.gradle.dependency.bundling": "external",
                "org.gradle.libraryelements": "aar",
                "org.gradle.usage": "java-api"
            },
            "files": [
                {
                    "name": "analytics-ad-revenue-fyber-v3-7.3.0.aar",
                    "url": "analytics-ad-revenue-fyber-v3-7.3.0.aar",
                    "size": -1,
                    "sha512": "<sha512>",
                    "sha256": "<sha256>",
                    "sha1": "<sha1>",
                    "md5": "<md5>"
                }
            ]
        },
        {
            "name": "releaseVariantReleaseRuntimePublication",
            "attributes": {
                "org.gradle.category": "library",
                "org.gradle.dependency.bundling": "external",
                "org.gradle.libraryelements": "aar",
                "org.gradle.usage": "java-runtime"
            },
            "dependencies": [
                {
                    "group": "org.jetbrains.kotlin",
                    "module": "kotlin-stdlib",
                    "version": {
                        "requires": "1.6.21"
                    }
                },
                {
                    "group": "io.appmetrica.analytics",
                    "module": "analytics-core-utils",
                    "version": {
                        "requires": "7.3.0"
                    }
                },
                {
                    "group": "io.appmetrica.analytics",
                    "module": "analytics-logger",
                    "version": {
                        "requires": "7.3.0"
                    }
                },
                {
                    "group": "io.appmetrica.analytics",
                    "module": "analytics-modules-api",
                    "version": {
                        "requires": "7.3.0"
                    }
                }
            ],
            "files": [
                {
                    "name": "analytics-ad-revenue-fyber-v3-7.3.0.aar",
                    "url": "analytics-ad-revenue-fyber-v3-7.3.0.aar",
                    "size": -1,
                    "sha512": "<sha512>",
                    "sha256": "<sha256>",
                    "sha1": "<sha1>",
                    "md5": "<md5>"
                }
            ]
        }
    ]
}
