<?xml version="1.0" encoding="UTF-8"?>
<project xsi:schemaLocation="http://maven.apache.org/POM/4.0.0 https://maven.apache.org/xsd/maven-4.0.0.xsd" xmlns="http://maven.apache.org/POM/4.0.0"
    xmlns:xsi="http://www.w3.org/2001/XMLSchema-instance">
  <!-- This module was also published with a richer model, Gradle metadata,  -->
  <!-- which should be used instead. Do not delete the following line which  -->
  <!-- is to indicate to Gradle or any Gradle module metadata file consumer  -->
  <!-- that they should prefer consuming it instead. -->
  <!-- do_not_remove: published-with-gradle-metadata -->
  <modelVersion>4.0.0</modelVersion>
  <groupId>io.appmetrica.analytics</groupId>
  <artifactId>analytics-ad-revenue-admob-v23</artifactId>
  <version>7.3.0</version>
  <packaging>aar</packaging>
  <name>AppMetrica SDK Ad Revenue Auto Collection Adapter for AdMob v23</name>
  <description>AppMetrica SDK Module</description>
  <url>https://appmetrica.io/</url>
  <licenses>
    <license>
      <name>MIT License</name>
      <url>https://www.opensource.org/licenses/mit-license.php</url>
      <distribution>repo</distribution>
    </license>
  </licenses>
  <developers>
    <developer>
      <name>AppMetrica</name>
      <url>https://appmetrica.io/</url>
    </developer>
  </developers>
  <scm>
    <connection>scm:git:https://github.com/appmetrica/appmetrica-sdk-android.git</connection>
    <developerConnection>scm:git:https://github.com/appmetrica/appmetrica-sdk-android.git</developerConnection>
    <url>https://github.com/appmetrica/appmetrica-sdk-android</url>
  </scm>
  <dependencies>
    <dependency>
      <groupId>org.jetbrains.kotlin</groupId>
      <artifactId>kotlin-stdlib</artifactId>
      <version>1.6.21</version>
      <scope>runtime</scope>
    </dependency>
    <dependency>
      <groupId>io.appmetrica.analytics</groupId>
      <artifactId>analytics-core-utils</artifactId>
      <version>7.3.0</version>
      <scope>runtime</scope>
    </dependency>
    <dependency>
      <groupId>io.appmetrica.analytics</groupId>
      <artifactId>analytics-logger</artifactId>
      <version>7.3.0</version>
      <scope>runtime</scope>
    </dependency>
    <dependency>
      <groupId>io.appmetrica.analytics</groupId>
      <artifactId>analytics-modules-api</artifactId>
      <version>7.3.0</version>
      <scope>runtime</scope>
    </dependency>
  </dependencies>
</project>
